<?xml version="1.0" encoding="UTF-8"?>
<beans xmlns="http://www.springframework.org/schema/beans"
       xmlns:xsi="http://www.w3.org/2001/XMLSchema-instance"
       xmlns:p="http://www.springframework.org/schema/p"
       xmlns:context="http://www.springframework.org/schema/context"
       xmlns:util="http://www.springframework.org/schema/util" xmlns:mvc="http://www.springframework.org/schema/mvc"
       xmlns:aop="http://www.springframework.org/schema/aop" xmlns:tx="http://www.springframework.org/schema/tx"
       xmlns:websocket="http://www.springframework.org/schema/websocket"
       xsi:schemaLocation="http://www.springframework.org/schema/beans
                           http://www.springframework.org/schema/beans/spring-beans.xsd
                           http://www.springframework.org/schema/util
	                       http://www.springframework.org/schema/util/spring-util.xsd
	                       http://www.springframework.org/schema/context
	                        http://www.springframework.org/schema/context/spring-context.xsd
	                         http://www.springframework.org/schema/mvc
	  http://www.springframework.org/schema/mvc/spring-mvc.xsd
	  http://www.springframework.org/schema/aop
   	  http://www.springframework.org/schema/aop/spring-aop.xsd
   	  http://www.springframework.org/schema/tx
      http://www.springframework.org/schema/tx/spring-tx.xsd
      http://www.springframework.org/schema/websocket
      http://www.springframework.org/schema/websocket/spring-websocket.xsd
                            ">
    <!-- 默认的注解映射的支持 -->
    <mvc:annotation-driven />

    <!-- <mvc:view-controller path="/login/" view-name="forward:/WEB-INF/page/common/login.jsp"/> -->

    <!-- 启动对@AspectJ注解的支持 -->
    <aop:aspectj-autoproxy />

    <!-- 通知spring使用cglib而不是jdk的来生成代理方法 AOP可以拦截到Controller -->
    <aop:aspectj-autoproxy proxy-target-class="true" />

    <!-- 当上面要访问的静态资源不包括在上面的配置中时，则根据此配置来访问 -->
    <mvc:default-servlet-handler />

    <bean
            class="org.springframework.web.servlet.view.InternalResourceViewResolver">
        <property name="viewClass"
                  value="org.springframework.web.servlet.view.JstlView" />
        <property name="prefix" value="/WEB-INF/Pages/" />
        <property name="suffix" value=".jsp" />
    </bean>

    <context:component-scan base-package="com.mars">
    </context:component-scan>

    <!-- 登陆拦截器 -->
    <mvc:interceptors>
        <bean class="org.springframework.web.servlet.i18n.LocaleChangeInterceptor" />
        <mvc:interceptor>
            <mvc:mapping path="/**" />
            <mvc:exclude-mapping path="/resource/**" />
            <bean id="LoginInterceptor" class="com.mars.intercepter.LoginInterceptor" />
        </mvc:interceptor>
    </mvc:interceptors>

    <!-- 静态资源访问配置 -->
    <mvc:resources mapping="/resource/**" location="/resource/" />
    <!--<mvc:resources mapping="/Pages/**" location="/Pages/" /> -->

    <!-- 支持上传文件 -->
    <bean id="multipartResolver"
          class="org.springframework.web.multipart.commons.CommonsMultipartResolver">
        <!-- 设置上传文件的最大尺寸为1MB -->
        <property name="maxUploadSize">
            <value>10485760000</value>
        </property>
        <property name="defaultEncoding">
            <value>UTF-8</value>
        </property>
    </bean>


    <!-- 引入jdbc配置文件 -->
    <context:property-placeholder location="classpath:jdbc.properties" />

    <!--创建jdbc数据源 -->
    <bean name="dataSource" class="com.alibaba.druid.pool.DruidDataSource"
          init-method="init" destroy-method="close">
        <property name="driverClassName" value="${jdbc.driverClassName}" />
        <property name="url" value="${jdbc.url}"></property>
        <property name="username" value="${jdbc.username}" />
        <property name="password" value="${jdbc.password}" />

        <!-- 初始化连接大小 -->
        <property name="initialSize" value="${initialSize}" />
        <!-- 连接池最大使用连接数量 -->
        <property name="maxActive" value="${maxActive}" />
        <!-- 连接池最小空闲 -->
        <property name="minIdle" value="${minIdle}" />
        <!-- 获取连接最大等待时间 -->
        <property name="maxWait" value="${maxWait}" />

        <property name="validationQuery" value="${validationQuery}" />
        <property name="testOnBorrow" value="false" />
        <property name="testOnReturn" value="false" />
        <property name="testWhileIdle" value="true" />

        <!-- 配置间隔多久才进行一次检测，检测需要关闭的空闲连接，单位是毫秒 -->
        <property name="timeBetweenEvictionRunsMillis" value="60000" />
        <!-- 配置一个连接在池中最小生存的时间，单位是毫秒 -->
        <property name="minEvictableIdleTimeMillis" value="25200000" />

        <!-- 打开removeAbandoned功能 -->
        <property name="removeAbandoned" value="true" />
        <!-- 1800秒，30分钟 -->
        <property name="removeAbandonedTimeout" value="1800" />
        <!-- 关闭abanded连接时输出错误日志 -->
        <property name="logAbandoned" value="true" />

        <!-- 监控数据库 -->
        <!-- <property name="filters" value="stat" /> -->
        <property name="filters" value="mergeStat" />
    </bean>


    <!-- 创建SqlSessionFactory，同时指定数据源 -->
    <bean id="sqlSessionFactory" class="org.mybatis.spring.SqlSessionFactoryBean">
        <property name="dataSource" ref="dataSource" />

        <!-- 指定sqlMapConfig总配置文件，订制的environment在spring容器中不在生效 -->
        <property name="configLocation" value="classpath:mybatis-config.xml" />
    </bean>

    <!-- 配置sqlsession 产生这个实例就是通过 sqlsessionTemplate来实现的 -->
    <bean id="sqlSession" class="org.mybatis.spring.SqlSessionTemplate"
          scope="prototype">
        <constructor-arg index="0">
            <ref bean="sqlSessionFactory" />
        </constructor-arg>
    </bean>

    <bean id="MapperScannerConfigurer" class="org.mybatis.spring.mapper.MapperScannerConfigurer">
        <property name="basePackage" value="com.mars.dao" />
    </bean>

    <!-- 对数据源进行事务管理 -->
    <bean id="transactionManager"
          class="org.springframework.jdbc.datasource.DataSourceTransactionManager">
        <property name="dataSource" ref="dataSource" />
    </bean>

    <tx:annotation-driven transaction-manager="transactionManager" />


    <!--解决 @ResponseBody 乱码 -->
    <bean
            class="org.springframework.web.servlet.mvc.method.annotation.RequestMappingHandlerAdapter">
        <property name="messageConverters">
            <list>
                <ref bean="mappingJackson2HttpMessageConverter" />
            </list>
        </property>
    </bean>
    <bean id="mappingJackson2HttpMessageConverter"
          class="org.springframework.http.converter.json.MappingJackson2HttpMessageConverter">
        <property name="supportedMediaTypes">
            <list>
                <value>text/html;charset=UTF-8</value>
                <value>text/json;charset=UTF-8</value>
                <value>application/json;charset=UTF-8</value>
                <value>text/plain;charset=UTF-8</value>
            </list>
        </property>
    </bean>
    <bean id="springBeanFactoryUtils" class="com.mars.beanfactory.SpringBeanFactoryUtils">
    </bean>
    <bean id="RoomService" class="com.mars.service.RoomService">
    </bean>
    <bean id="DrawGuessService" class="com.mars.service.DrawGuessService">
    </bean>

</beans>