<?xml version="1.0" encoding="UTF-8"?>
<!DOCTYPE mapper    PUBLIC "-//mybatis.org//DTD Mapper 3.0//EN"
        "http://mybatis.org/dtd/mybatis-3-mapper.dtd">
<mapper namespace="com.mars.dao.DocumentMapper">
 <resultMap type="com.mars.model.Document" id="resultMapDocument">
		<result property="name" column="name"/>
		<result property="description" column="description"/>
		<result property="uploader" column="uploader"/>
		<result property="time" column="time"/>
		<result property="size" column="size"/>
		<result property="id" column="id"/>
		<result property="downloadcount" column="downloadcount" />
</resultMap>
<select id="getDocumentList" resultMap="resultMapDocument">
        select * from document	limit #{startRows},#{rows}		
</select>
<select id="getDocumentCount" resultType="int">
        select count(*) from document
</select>
<insert id="saveDocument"  parameterType="com.mars.model.Document">
        insert into document (name,description,uploader,time,size,saveplace,downloadcount)
        values (  #{name},
                  #{description},
                  #{uploader},
                  #{time},
                  #{size},
                  #{saveplace},
                  #{downloadcount})        
</insert>
<select id="getSavePlaceById" resultType="string">
      select saveplace from document where id=#{id}
</select>
<update id="downloadCountAdd">
     update document set downloadcount=downloadcount+1 where id=#{id}
</update>
<select id="getDescriptionById" resultType="string">
     select description from document where id=#{id}
</select>
<update id="updateDescription">
     update document set description=#{description} where id=#{id}
</update>
<select id="getUploaderById" resultType="string">
     select uploader from document where id=#{id}
</select>
</mapper>