<?xml version="1.0" encoding="UTF-8" ?>
<!DOCTYPE mapper    PUBLIC "-//mybatis.org//DTD Mapper 3.0//EN"
        "http://mybatis.org/dtd/mybatis-3-mapper.dtd">
<mapper namespace="com.mars.dao.MessageMapper">
 <resultMap type="com.mars.model.Message" id="resultMapMessage">
		<result property="username" column="username"/>
		<result property="head" column="head"/>
		<result property="message" column="message"/>
		<result property="time" column="time"/>
	</resultMap>
<insert id="addMessage">
INSERT INTO chatroom (username,head,message,time)  VALUES
(#{username},#{head},#{message},#{time})
</insert>
<select id="selectMessageList" resultMap="resultMapMessage">
        select * from chatroom			
</select>
</mapper>