<?xml version="1.0" encoding="UTF-8"?>
<!DOCTYPE mapper    PUBLIC "-//mybatis.org//DTD Mapper 3.0//EN"
        "http://mybatis.org/dtd/mybatis-3-mapper.dtd">
<mapper namespace="com.mars.dao.RoomMapper">
    <resultMap type="com.mars.model.Room" id="Room">
		<result property="roomid" column="roomid"/>
		<result property="roomname" column="roomname"/>
		<result property="count" column="count"/>
		<result property="createtime" column="createtime"/>
	</resultMap>
<insert id="addNewRoom">
INSERT INTO room (roomid,roomname,count,createtime)  VALUES
(#{roomid},#{roomname},#{count},#{createtime})
</insert>
<select id="getRoomList"  resultMap="Room">
select * from room limit #{startRows},#{rows}
</select>
<select id="getRoomCount" resultType="int">
select count(*) from room 
</select>
<update id="delRoomMember">
update room set count=count-1 where roomid=#{roomid}
</update>
<update id="addRoomMember">
update room set count=count+1 where roomid=#{roomid}
</update>
<delete id="delRoom">
delete from room where roomid=#{roomid}
</delete>
<select id="getRoomMemberCount" resultType="int">
select count from room where roomid=#{roomid}
</select>
<select id="getRoomCountFromId" resultType="int">
select count(*) from room where roomid=#{roomid}
</select>
</mapper>