<?xml version="1.0" encoding="UTF-8" ?>
<!DOCTYPE mapper    PUBLIC "-//mybatis.org//DTD Mapper 3.0//EN"
        "http://mybatis.org/dtd/mybatis-3-mapper.dtd">
<mapper namespace="com.mars.dao.UserMapper">
    <insert id="addUser" parameterType="com.mars.model.User">
INSERT INTO user (username,password,sex,head)  VALUES
(#{user.username},#{user.password},#{user.sex},#{user.head})
</insert>
    <select id="checkUsername" resultType="int">
  select   count(*)   from  user
  where username=#{username}
</select>
    <select id="checkLogin" resultType="int">
   select   count(*)   from  user
   where username=#{username} and password=#{password}  
</select>
    <select id="selectHeadByName" resultType="string">
   select head from user 
   where username=#{username}
</select>
    <select id="selectSexByName" resultType="string">
   select sex from user
   where username=#{username}
</select>
    <update id="updateUser">
   update user set password=#{password},head=#{head},sex=#{sex} where username=#{username}
</update>
</mapper>